{
    "version": "2.0.0",
    "tasks": [
        {
            "label": "연구 로그: 새 세션 생성",
            "type": "shell",
            "command": "./scripts/log-prompt.sh",
            "args": ["-n"],
            "options": {
                "cwd": "${workspaceFolder}"
            },
            "problemMatcher": [],
            "presentation": {
                "reveal": "always",
                "panel": "new",
                "focus": true
            },
            "group": {
                "kind": "build",
                "isDefault": false
            }
        },
        {
            "label": "연구 로그: 오늘 목록 보기",
            "type": "shell",
            "command": "./scripts/log-prompt.sh",
            "args": ["-l"],
            "options": {
                "cwd": "${workspaceFolder}"
            },
            "problemMatcher": [],
            "presentation": {
                "reveal": "always",
                "panel": "shared"
            }
        },
        {
            "label": "연구 로그: 마지막 로그 커밋",
            "type": "shell",
            "command": "./scripts/log-prompt.sh",
            "args": ["-c"],
            "options": {
                "cwd": "${workspaceFolder}"
            },
            "problemMatcher": [],
            "presentation": {
                "reveal": "always",
                "panel": "shared",
                "focus": true
            }
        },
        {
            "label": "연구 로그: GPG 서명 커밋",
            "type": "shell",
            "command": "git",
            "args": [
                "commit",
                "-S",
                "-m",
                "docs: 연구 세션 로그 추가"
            ],
            "options": {
                "cwd": "${workspaceFolder}"
            },
            "problemMatcher": [],
            "presentation": {
                "reveal": "always",
                "panel": "shared"
            }
        },
        {
            "label": "연구 로그: 인덱스 열기",
            "type": "shell",
            "command": "code",
            "args": ["${workspaceFolder}/docs/research-logs/INDEX.md"],
            "problemMatcher": [],
            "presentation": {
                "reveal": "silent"
            }
        }
    ]
}
